Nome,Email
Juliana Souza,juliana.souza@cndps.com
Fernanda Oliveira,fernanda.oliveira@xqewb.com
Fernanda Souza,fernanda.souza@alqbm.com
Maria Pereira,maria.pereira@knzkm.com
Ana Oliveira,ana.oliveira@otxml.com
Pedro Lima,pedro.lima@shvlb.com
Juliana Oliveira,juliana.oliveira@ubymd.com
Juliana Souza,juliana.souza@dfwbz.com
jpdorasta,jpdorasta@gmail.com
Juliana Santos,juliana.santos@bents.com
Carlos Pereira,carlos.pereira@jwyyk.com
Lucas Souza,lucas.souza@ggllk.com
Maria Lima,maria.lima@sywyp.com
Maria Silva,maria.silva@exvoz.com
Juliana Silva,juliana.silva@siand.com
Maria Pereira,maria.pereira@tjdmc.com
Maria Oliveira,maria.oliveira@wjovs.com
Carlos Lima,carlos.lima@yedbf.com
Carlos Santos,carlos.santos@mxvqq.com
Fernanda Silva,fernanda.silva@clxge.com
Maria Silva,maria.silva@lnjrx.com
Pedro Santos,pedro.santos@tiaew.com
Juliana Lima,juliana.lima@ivysb.com
Carlos Lima,carlos.lima@zzlnv.com
Fernanda Santos,fernanda.santos@kqmmm.com
Fernanda Santos,fernanda.santos@hveus.com
Lucas Pereira,lucas.pereira@hbxnv.com
Maria Souza,maria.souza@sluca.com
Juliana Silva,juliana.silva@liana.com
Maria Souza,maria.souza@ytnus.com
Pedro Silva,pedro.silva@vnwdx.com
Ana Silva,ana.silva@ovbky.com
Lucas Lima,lucas.lima@kfujr.com
Lucas Lima,lucas.lima@dkxho.com
Ana Oliveira,ana.oliveira@gmail.comrctrv.com
Carlos Souza,carlos.souza@gmail.comppxtb.com
Carlos Souza,carlos.souza@gmail.comjmcfr.com
Carlos Oliveira,carlos.oliveira@gmail.comgbcnt.com
Fernanda Souza,fernanda.souza@gmail.comdbayv.com
Ana Lima,ana.lima@gmail.comghpyx.com
Maria Pereira,maria.pereira@gmail.commebyp.com
Carlos Santos,carlos.santos@gmail.compjpty.com
Maria Oliveira,maria.oliveira@gmail.compkvae.com
Maria Lima,maria.lima@gmail.comwnugl.com
Carlos Santos,carlos.santos@gmail.comnalbz.com
Lucas Oliveira,lucas.oliveira@gmail.comyxguh.com
Carlos Pereira,carlos.pereira@gmail.comijnct.com
Pedro Oliveira,pedro.oliveira@gmail.comyuknh.com
Juliana Souza,juliana.souza@gmail.comvyaak.com
Fernanda Oliveira,fernanda.oliveira@gmail.comqijiz.com
Ana Silva,ana.silva@gmail.comvhhie.com
Maria Souza,maria.souza@gmail.comctiqo.com
Carlos Oliveira,carlos.oliveira@gmail.comcqubk.com
Carlos Lima,carlos.lima@gmail.comwiztj.com
Ana Oliveira,ana.oliveira@gmail.comjjzzo.com
Pedro Santos,pedro.santos@gmail.comtuaib.com
Fernanda Santos,fernanda.santos@gmail.comefhnp.com
Fernanda Silva,fernanda.silva@gmail.comwmdjm.com
Juliana Silva,juliana.silva@gmail.commekyd.com
Maria Pereira,maria.pereira@gmail.comkatge.com
Lucas Lima,lucas.lima@gmail.commjhkm.com
Juliana Lima,juliana.lima@gmail.comuaydb.com
Lucas Silva,lucas.silva@gmail.comlosbb.com
Pedro Souza,pedro.souza@gmail.comtnzjc.com
Maria Lima,maria.lima@gmail.comzpxxl.com
Pedro Lima,pedro.lima@gmail.comsgvmc.com
Carlos Souza,carlos.souza@gmail.comawwrp.com
Carlos Lima,carlos.lima@gmail.comvdmwh.com
Juliana Lima,juliana.lima@gmail.comsdozk.com
Carlos Lima,carlos.lima@gmail.comhsroi.com
Lucas Santos,lucas.santos@gmail.compsepc.com
Carlos Pereira,carlos.pereira@gmail.comxpjxp.com
Lucas Silva,lucas.silva@gmail.comsxkti.com
Ana Souza,ana.souza@gmail.comjrsqn.com
Ana Pereira,ana.pereira@gmail.comnqdgd.com
Carlos Pereira,carlos.pereira@gmail.comgytav.com
Maria Oliveira,maria.oliveira@gmail.comwoaib.com
Juliana Pereira,juliana.pereira@gmail.comvteej.com
Carlos Lima,carlos.lima@gmail.comiilny.com
Juliana Silva,juliana.silva@gmail.comjkqih.com
Pedro Silva,pedro.silva@gmail.comhmzwb.com
Pedro Santos,pedro.santos@gmail.comtiyfs.com
Ana Pereira,ana.pereira@gmail.comybfpg.com
Pedro Silva,pedro.silva@gmail.comssbde.com
Juliana Santos,juliana.santos@gmail.comlexsn.com
Carlos Lima,carlos.lima@gmail.comjgwfj.com
Juliana Pereira,juliana.pereira@gmail.comatyac.com
Maria Silva,maria.silva@gmail.commprkk.com
Lucas Silva,lucas.silva@gmail.comjcwza.com
Fernanda Lima,fernanda.lima@gmail.comegktc.com
Lucas Souza,lucas.souza@gmail.comdappj.com
Ana Silva,ana.silva@gmail.comkzhzm.com
Juliana Souza,juliana.souza@gmail.comkdrho.com
Fernanda Oliveira,fernanda.oliveira@gmail.comvufzz.com
Carlos Lima,carlos.lima@gmail.combwuuz.com
Ana Santos,ana.santos@gmail.comvxdzn.com
Lucas Souza,lucas.souza@gmail.comcykff.com
Fernanda Pereira,fernanda.pereira@gmail.commhzfa.com
Fernanda Pereira,fernanda.pereira@gmail.comvantj.com
Fernanda Lima,fernanda.lima@gmail.comzmueu.com
Ana Pereira,ana.pereira@gmail.combigxs.com
Ana Silva,ana.silva@gmail.commznic.com
Carlos Pereira,carlos.pereira@gmail.comcwcnp.com
Ana Souza,ana.souza@gmail.cominlbc.com
Maria Pereira,maria.pereira@gmail.comkrbhd.com
Fernanda Pereira,fernanda.pereira@gmail.comknhwc.com
Lucas Lima,lucas.lima@gmail.comfthsn.com
Carlos Silva,carlos.silva@gmail.comaenjc.com
Pedro Oliveira,pedro.oliveira@gmail.comckziq.com
Fernanda Souza,fernanda.souza@gmail.comgdjms.com
Ana Pereira,ana.pereira@gmail.comygopi.com
Maria Lima,maria.lima@gmail.comhbkbz.com
Ana Santos,ana.santos@gmail.comgurxg.com
Maria Souza,maria.souza@gmail.comtsncp.com
Ana Lima,ana.lima@gmail.commdczz.com
Pedro Lima,pedro.lima@gmail.comfkyyy.com
Fernanda Oliveira,fernanda.oliveira@gmail.comamapo.com
Juliana Lima,juliana.lima@gmail.comuqcns.com
Fernanda Lima,fernanda.lima@gmail.comrdzah.com
Pedro Oliveira,pedro.oliveira@gmail.comaxvhs.com
Ana Souza,ana.souza@gmail.commxuql.com
Maria Silva,maria.silva@gmail.comxrpoo.com
Lucas Silva,lucas.silva@gmail.compbxlf.com
Pedro Souza,pedro.souza@gmail.comqvzex.com
Juliana Oliveira,juliana.oliveira@gmail.comtjimz.com
Lucas Lima,lucas.lima@gmail.comotmbm.com
Lucas Pereira,lucas.pereira@gmail.compxtix.com
Maria Silva,maria.silva@gmail.comctnsd.com
Pedro Lima,pedro.lima@gmail.comohmbn.com
Ana Pereira,ana.pereira@gmail.comfluco.com
Fernanda Souza,fernanda.souza@gmail.compxiec.com
Lucas Santos,lucas.santos@gmail.comhgbzj.com
Maria Lima,maria.lima@gmail.comrbkbu.com
Pedro Santos,pedro.santos@gmail.comcqfoz.com
Pedro Souza,pedro.souza@gmail.comkuqot.com
Pedro Pereira,pedro.pereira@gmail.comtluaj.com
Fernanda Oliveira,fernanda.oliveira@gmail.comaamph.com
Fernanda Silva,fernanda.silva@gmail.comffsec.com
Maria Silva,maria.silva@gmail.comvoqln.com
Lucas Souza,lucas.souza@gmail.commppgo.com
Carlos Santos,carlos.santos@gmail.comqrkiw.com
Carlos Souza,carlos.souza@gmail.comugmqx.com
Lucas Silva,lucas.silva@gmail.comfkake.com
Maria Oliveira,maria.oliveira@gmail.comyzvvs.com
Pedro Santos,pedro.santos@gmail.comtfduf.com
Carlos Santos,carlos.santos@gmail.comeeisv.com
Juliana Pereira,juliana.pereira@gmail.comomsth.com
Juliana Lima,juliana.lima@gmail.comalkmh.com
Carlos Pereira,carlos.pereira@gmail.comcutzu.com
Carlos Souza,carlos.souza@gmail.combikjp.com
Juliana Santos,juliana.santos@gmail.comdbhss.com
Lucas Pereira,lucas.pereira@gmail.commfsyf.com
Fernanda Souza,fernanda.souza@gmail.comxmcnm.com
Ana Oliveira,ana.oliveira@gmail.comezwgi.com
Carlos Lima,carlos.lima@gmail.comsbvkp.com
Pedro Souza,pedro.souza@gmail.comzklpz.com
Ana Santos,ana.santos@gmail.comcsoua.com
Fernanda Silva,fernanda.silva@gmail.combkyfz.com
Lucas Pereira,lucas.pereira@gmail.comewhdr.com
Maria Lima,maria.lima@gmail.comdxzug.com
Maria Souza,maria.souza@gmail.comqugis.com
Maria Oliveira,maria.oliveira@gmail.comshyml.com
Maria Souza,maria.souza@gmail.comobuea.com
Carlos Oliveira,carlos.oliveira@gmail.comnzevl.com
Maria Lima,maria.lima@gmail.comfsqex.com
Lucas Pereira,lucas.pereira@gmail.comdwznu.com
Lucas Pereira,lucas.pereira@gmail.comwnibl.com
Carlos Souza,carlos.souza@gmail.comwwhxv.com
Fernanda Pereira,fernanda.pereira@gmail.comcgjml.com
Carlos Silva,carlos.silva@gmail.comvcarr.com
Pedro Pereira,pedro.pereira@gmail.comrsadk.com
Pedro Oliveira,pedro.oliveira@gmail.comukfnw.com
Carlos Santos,carlos.santos@gmail.comqxqmo.com
Fernanda Silva,fernanda.silva@gmail.compymgb.com
Lucas Pereira,lucas.pereira@gmail.comqwble.com
Juliana Pereira,juliana.pereira@gmail.comkraps.com
Pedro Silva,pedro.silva@gmail.comesrbs.com
Pedro Lima,pedro.lima@gmail.comqbdnh.com
Miguel,miguellima@gmail.com
